Topic Ids,Topics
58f29256c56e525eb2234a6f, EconomizerAIRCx/PNNL/SEB/AHU3/Temperature Sensor Dx/diagnostic message
58f29256c56e525eb2234a71, EconomizerAIRCx/PNNL/SEB/AHU3/Temperature Sensor Dx/energy impact
58f29329c56e525eb2234a73, EconomizerAIRCx/PNNL/SEB/AHU3/Insufficient Outdoor-air Intake Dx/diagnostic message
58f29329c56e525eb2234a75, EconomizerAIRCx/PNNL/SEB/AHU3/Insufficient Outdoor-air Intake Dx/energy impact
58f2b333c56e525eb2234a77, EconomizerAIRCx/PNNL/SEB/AHU3/Not Economizing When Unit Should Dx/diagnostic message
58f2b333c56e525eb2234a79, EconomizerAIRCx/PNNL/SEB/AHU3/Not Economizing When Unit Should Dx/energy impact
58f34b1bc56e525eb2234a7d, EconomizerAIRCx/PNNL/SEB/AHU3/Economizing When Unit Should Not Dx/diagnostic message
58f34b1bc56e525eb2234a81, EconomizerAIRCx/PNNL/SEB/AHU3/Excess Outdoor-air Intake Dx/diagnostic message
58f34b1bc56e525eb2234a83, EconomizerAIRCx/PNNL/SEB/AHU3/Economizing When Unit Should Not Dx/energy impact
58f34b1bc56e525eb2234a85, EconomizerAIRCx/PNNL/SEB/AHU3/Excess Outdoor-air Intake Dx/energy impact
58f25bebc56e525eb2234a4b, EconomizerAIRCx/PNNL/SEB/AHU3/Insufficient Outdoor-air Intake Dx
58f25becc56e525eb2234a4d, EconomizerAIRCx/PNNL/SEB/AHU3/Not Economizing When Unit Should Dx
58f25becc56e525eb2234a4f, EconomizerAIRCx/PNNL/SEB/AHU3/Timestamp
58f25becc56e525eb2234a51, EconomizerAIRCx/PNNL/SEB/AHU3/Economizing When Unit Should Not Dx
58f25becc56e525eb2234a53, EconomizerAIRCx/PNNL/SEB/AHU3/Excess Outdoor-air Intake Dx
58f25becc56e525eb2234a55, EconomizerAIRCx/PNNL/SEB/AHU3/Temperature Sensor Dx
58f25becc56e525eb2234a57, EconomizerAIRCx/PNNL/SEB/AHU1/Insufficient Outdoor-air Intake Dx
58f25becc56e525eb2234a59, EconomizerAIRCx/PNNL/SEB/AHU1/Not Economizing When Unit Should Dx
58f25becc56e525eb2234a5b, EconomizerAIRCx/PNNL/SEB/AHU1/Timestamp
58f25becc56e525eb2234a5d, EconomizerAIRCx/PNNL/SEB/AHU1/Economizing When Unit Should Not Dx
58f25becc56e525eb2234a5f, EconomizerAIRCx/PNNL/SEB/AHU1/Excess Outdoor-air Intake Dx
58f25becc56e525eb2234a61, EconomizerAIRCx/PNNL/SEB/AHU1/Temperature Sensor Dx
58f518e3c56e525eb2234a87, EconomizerAIRCx/PNNL/SEB/AHU1/Temperature Sensor Dx/diagnostic message
58f518e4c56e525eb2234a89, EconomizerAIRCx/PNNL/SEB/AHU1/Temperature Sensor Dx/energy impact
58f518e4c56e525eb2234a8b, EconomizerAIRCx/PNNL/SEB/AHU1/Insufficient Outdoor-air Intake Dx/diagnostic message
58f518e4c56e525eb2234a8d, EconomizerAIRCx/PNNL/SEB/AHU1/Insufficient Outdoor-air Intake Dx/energy impact
58f53219c56e525eb2234a9b, EconomizerAIRCx/PNNL/SEB/AHU1/Not Economizing When Unit Should Dx/diagnostic message
58f53219c56e525eb2234a9d, EconomizerAIRCx/PNNL/SEB/AHU1/Not Economizing When Unit Should Dx/energy impact
58f9495cc56e525eb2234dfd, EconomizerAIRCx/PNNL/SEB/AHU1/Economizing When Unit Should Not Dx/diagnostic message
58f9495cc56e525eb2234dff, EconomizerAIRCx/PNNL/SEB/AHU1/Economizing When Unit Should Not Dx/energy impact
58f9495cc56e525eb2234e03, EconomizerAIRCx/PNNL/SEB/AHU1/Excess Outdoor-air Intake Dx/diagnostic message
58f9495cc56e525eb2234e05, EconomizerAIRCx/PNNL/SEB/AHU1/Excess Outdoor-air Intake Dx/energy impact
